date,first_name,last_name,email,phone,address,gender
10/17/2014,Jack,Russell,jrussell0@newsvine.com,2-(214)527-3403,518 Bashford Alley,Male
7/11/2015,Anna,White,awhite1@hexun.com,2-(592)657-7600,48301 Randy Parkway,Female
4/28/2015,Raymond,White,rwhite2@google.ca,4-(769)984-6593,32 Cascade Lane,Male
11/17/2014,Carolyn,Stewart,cstewart3@ft.com,2-(809)450-7973,2 Hudson Crossing,Female
5/22/2015,Annie,Perez,aperez4@cbslocal.com,1-(655)167-9909,9 Forest Place,Female
10/4/2014,Jane,Bailey,jbailey5@weebly.com,9-(543)221-0331,743 Meadow Vale Parkway,Female
12/13/2014,Jennifer,Marshall,jmarshall6@blogger.com,6-(118)101-7163,435 Donald Park,Female
5/2/2015,Diana,Ray,dray7@mashable.com,0-(151)533-3775,0 Erie Hill,Female
4/10/2015,Amanda,Hall,ahall8@slate.com,5-(888)584-7723,26181 Paget Parkway,Female
11/3/2014,Nancy,Peterson,npeterson9@fastcompany.com,7-(652)824-5355,166 Lawn Road,Female
8/3/2015,Stephen,Garrett,sgarretta@blogspot.com,2-(799)751-6065,9 Ryan Plaza,Male
8/21/2015,Brandon,Greene,bgreeneb@unicef.org,6-(781)952-5848,7912 Porter Terrace,Male
12/25/2014,Marilyn,Murray,mmurrayc@stanford.edu,7-(424)076-8474,56028 Sommers Point,Female
4/13/2015,Brandon,Watson,bwatsond@icq.com,1-(338)791-9454,6643 Bartillon Point,Male
6/20/2015,Jesse,Bell,jbelle@clickbank.net,8-(417)539-8663,9 Ramsey Drive,Male
7/4/2015,Nicholas,Lane,nlanef@acquirethisname.com,8-(955)846-2042,7806 Transport Avenue,Male
6/30/2015,Jerry,Kim,jkimg@mac.com,6-(719)276-1723,086 Vera Way,Male
12/30/2014,Philip,Garcia,pgarciah@java.com,6-(160)099-0389,603 Twin Pines Pass,Male
7/8/2015,Gregory,Martinez,gmartinezi@google.com.hk,9-(794)957-4873,9 Melby Junction,Male
12/20/2014,Alan,Hall,ahallj@jigsy.com,1-(133)701-3244,5914 Fordem Point,Male
5/21/2015,Patricia,Howell,phowellk@usatoday.com,6-(390)185-3028,975 Arapahoe Center,Female
6/27/2015,Scott,Martin,smartinl@constantcontact.com,1-(499)667-4243,203 Lillian Parkway,Male
1/21/2015,Karen,Rose,krosem@bing.com,0-(202)494-8739,225 Spaight Hill,Female
11/22/2014,Lawrence,Garza,lgarzan@usnews.com,9-(672)878-8738,11 American Circle,Male
1/29/2015,Julie,Banks,jbankso@twitter.com,8-(414)562-7418,0 Kropf Crossing,Female
7/7/2015,Betty,Robertson,brobertsonp@yandex.ru,1-(918)170-4675,847 Tomscot Hill,Female
5/31/2015,Pamela,James,pjamesq@imgur.com,4-(969)551-4641,35730 Badeau Place,Female
3/9/2015,Jane,Morales,jmoralesr@ebay.com,7-(816)479-7186,8 Farwell Parkway,Female
1/13/2015,Patricia,Snyder,psnyders@usgs.gov,1-(010)257-0737,320 Center Crossing,Female
12/13/2014,Virginia,Griffin,vgriffint@mediafire.com,9-(108)893-9394,6657 Valley Edge Road,Female
1/29/2015,George,Rice,griceu@shinystat.com,5-(458)919-2352,181 Fairfield Park,Male
9/2/2015,Brenda,Wood,bwoodv@oakley.com,4-(493)476-0175,6242 Farwell Hill,Female
10/15/2014,Sandra,Rice,sricew@last.fm,4-(157)842-9354,3048 Nancy Pass,Female
12/24/2014,Victor,Gonzales,vgonzalesx@whitehouse.gov,4-(592)667-0805,34 Caliangt Point,Male
4/13/2015,Jack,Palmer,jpalmery@yellowpages.com,6-(515)705-8911,7 Mccormick Hill,Male
5/16/2015,Tammy,Hanson,thansonz@people.com.cn,2-(633)525-4535,0 Alpine Point,Female
4/19/2015,Alan,Jenkins,ajenkins10@amazon.de,8-(984)835-7585,86 Reinke Center,Male
3/28/2015,Peter,Peterson,ppeterson11@paginegialle.it,8-(033)177-8313,332 Schurz Park,Male
12/27/2014,Sean,Fields,sfields12@goodreads.com,2-(312)029-2975,53 Homewood Terrace,Male
11/4/2014,Sara,Cunningham,scunningham13@zdnet.com,4-(666)098-4156,7053 Scott Road,Female
4/12/2015,Stephanie,Ray,sray14@nhs.uk,2-(303)338-3757,825 Carey Trail,Female
1/17/2015,Kathryn,Smith,ksmith15@smugmug.com,4-(253)169-6730,74452 Eastlawn Parkway,Female
11/4/2014,Anne,Marshall,amarshall16@ezinearticles.com,7-(947)158-3000,7008 Rutledge Center,Female
6/13/2015,Paul,Elliott,pelliott17@unblog.fr,4-(304)642-4105,51311 Golden Leaf Plaza,Male
10/8/2014,Wanda,Riley,wriley18@loc.gov,3-(749)290-1273,570 Bartillon Parkway,Female
9/6/2015,Joan,Gomez,jgomez19@vk.com,3-(072)260-0709,5924 Mariners Cove Hill,Female
4/12/2015,Robin,Larson,rlarson1a@digg.com,9-(452)646-1065,2572 Harper Hill,Female
3/8/2015,Helen,Carter,hcarter1b@shop-pro.jp,0-(583)289-7976,131 Bonner Hill,Female
5/29/2015,Wanda,Bennett,wbennett1c@ft.com,2-(529)183-4968,33167 Meadow Ridge Avenue,Female
6/16/2015,Julie,Duncan,jduncan1d@unc.edu,9-(571)524-5775,216 Londonderry Pass,Female
6/29/2015,Wanda,Hamilton,whamilton1e@fc2.com,2-(748)068-1299,28 Knutson Lane,Female
4/27/2015,Sara,Carroll,scarroll1f@ihg.com,8-(559)712-7119,14841 Lake View Street,Female
8/21/2015,Paula,Thomas,pthomas1g@spotify.com,9-(406)742-6475,4 Lakewood Road,Female
11/24/2014,Clarence,Carter,ccarter1h@behance.net,6-(689)655-1790,83 Mesta Avenue,Male
10/31/2014,George,Rivera,grivera1i@ehow.com,3-(623)058-8388,867 Aberg Court,Male
7/27/2015,Daniel,Butler,dbutler1j@geocities.jp,8-(885)727-3200,424 Maple Wood Lane,Male
10/28/2014,Mildred,Richardson,mrichardson1k@mashable.com,0-(479)483-3953,31647 Buell Parkway,Female
8/15/2015,Clarence,Morales,cmorales1l@marketwatch.com,4-(329)360-1434,7459 Anthes Trail,Male
3/28/2015,Jimmy,Murray,jmurray1m@goo.gl,2-(791)337-9262,9 Forest Run Junction,Male
7/12/2015,Frank,Lewis,flewis1n@deviantart.com,4-(394)928-4955,355 Homewood Avenue,Male
8/7/2015,Terry,Flores,tflores1o@pcworld.com,8-(473)718-3786,9 Parkside Drive,Male
10/4/2014,Carol,Frazier,cfrazier1p@jimdo.com,7-(814)626-2039,37213 Beilfuss Way,Female
8/10/2015,Russell,Griffin,rgriffin1q@unblog.fr,0-(291)503-5626,5 Kinsman Street,Male
8/22/2015,Linda,Hart,lhart1r@cafepress.com,8-(827)686-8778,181 Kings Street,Female
11/7/2014,Debra,Howell,dhowell1s@china.com.cn,2-(865)487-0736,846 Hoepker Junction,Female
4/25/2015,Shawn,Wood,swood1t@trellian.com,5-(329)358-4607,10 Parkside Point,Male
7/2/2015,Nicole,Austin,naustin1u@devhub.com,0-(450)541-4512,699 Veith Place,Female
8/20/2015,Christina,Black,cblack1v@macromedia.com,8-(675)861-8388,2 Sunbrook Road,Female
9/14/2015,Jane,Gutierrez,jgutierrez1w@pen.io,5-(337)628-3622,6889 Graedel Place,Female
5/4/2015,Nicholas,West,nwest1x@csmonitor.com,3-(494)685-7903,13756 Lillian Way,Male
12/1/2014,Steven,Edwards,sedwards1y@state.tx.us,0-(906)566-4149,834 Killdeer Junction,Male
11/21/2014,Thomas,Reyes,treyes1z@storify.com,2-(726)133-9213,785 Buena Vista Crossing,Male
11/11/2014,Ashley,Chavez,achavez20@stanford.edu,3-(289)088-3042,593 Sheridan Pass,Female
2/23/2015,Philip,Anderson,panderson21@indiegogo.com,8-(448)137-4871,9319 Riverside Crossing,Male
4/4/2015,Kathryn,Ramirez,kramirez22@purevolume.com,7-(064)991-7260,18 Macpherson Park,Female
2/25/2015,Helen,Brown,hbrown23@merriam-webster.com,8-(166)639-5287,4436 David Park,Female
7/14/2015,Albert,Reid,areid24@dailymotion.com,1-(684)480-1807,79908 Bowman Way,Male
10/11/2014,Louis,Patterson,lpatterson25@yale.edu,6-(683)958-4709,11 Bunting Pass,Male
3/1/2015,Michelle,Johnson,mjohnson26@mapy.cz,0-(375)487-4944,65 Norway Maple Parkway,Female
3/13/2015,Bobby,Kelley,bkelley27@berkeley.edu,0-(559)483-6313,3665 Lukken Lane,Male
11/28/2014,Michael,Hart,mhart28@ted.com,0-(289)790-4593,88 Straubel Place,Male
6/21/2015,Sara,Hunt,shunt29@illinois.edu,2-(877)396-5185,520 Carberry Center,Female
7/16/2015,Ann,Stanley,astanley2a@epa.gov,1-(774)130-5333,9 Paget Parkway,Female
4/24/2015,Scott,Stanley,sstanley2b@admin.ch,9-(089)365-2543,99 Dahle Drive,Male
5/22/2015,Amanda,Owens,aowens2c@sciencedaily.com,6-(554)260-7640,7944 David Pass,Female
11/7/2014,Michelle,Howard,mhoward2d@cbslocal.com,7-(130)382-2618,1077 Calypso Trail,Female
12/26/2014,Clarence,Day,cday2e@yelp.com,1-(572)932-6490,37 Moulton Terrace,Male
10/31/2014,Gloria,Morgan,gmorgan2f@dailymotion.com,8-(996)746-6596,92842 Lakeland Hill,Female
3/19/2015,Dorothy,Parker,dparker2g@fema.gov,2-(424)733-6127,696 Lindbergh Trail,Female
2/23/2015,Gerald,Vasquez,gvasquez2h@youtu.be,9-(902)933-0959,76 Stone Corner Crossing,Male
12/1/2014,Kathryn,Smith,ksmith2i@ox.ac.uk,5-(146)504-5168,57 Prairieview Lane,Female
8/24/2015,Rebecca,Fields,rfields2j@washington.edu,9-(922)168-1404,8 Toban Place,Female
8/9/2015,Eugene,Romero,eromero2k@who.int,6-(692)556-2426,4 New Castle Place,Male
3/22/2015,Dorothy,Watson,dwatson2l@woothemes.com,3-(591)825-4724,616 Prairieview Center,Female
9/23/2015,Ashley,Richardson,arichardson2m@irs.gov,5-(972)051-4498,2 Grasskamp Trail,Female
9/16/2015,Joan,Kennedy,jkennedy2n@icq.com,3-(666)161-0507,2 Algoma Junction,Female
12/11/2014,Matthew,Garcia,mgarcia2o@topsy.com,1-(200)546-3743,6 Stang Park,Male
3/21/2015,Brandon,Hernandez,bhernandez2p@pcworld.com,3-(222)514-3993,45 Ramsey Terrace,Male
10/5/2014,Earl,Holmes,eholmes2q@ox.ac.uk,4-(325)567-1640,755 Coolidge Lane,Male
12/18/2014,Maria,Arnold,marnold2r@dmoz.org,4-(301)244-9557,64628 Dunning Point,Female
6/13/2015,Harold,Campbell,hcampbell2s@github.io,3-(039)111-8824,704 Reindahl Court,Male
7/17/2015,Kathy,Lee,klee2t@wired.com,9-(546)222-0773,8451 Hovde Road,Female
8/25/2015,Johnny,Gardner,jgardner2u@i2i.jp,6-(116)954-0078,59 Morning Lane,Male
1/24/2015,Robin,Long,rlong2v@canalblog.com,0-(640)904-2641,3403 Mayer Drive,Female
10/2/2014,Mary,Hunt,mhunt2w@cam.ac.uk,1-(674)363-1907,8669 Jenifer Parkway,Female
2/4/2015,Judith,Turner,jturner2x@opera.com,3-(020)760-7822,2 Huxley Alley,Female
3/4/2015,Irene,Williamson,iwilliamson2y@theglobeandmail.com,1-(057)104-8917,5858 Bartillon Center,Female
4/16/2015,Kevin,Russell,krussell2z@wordpress.com,0-(521)149-8628,9 Rockefeller Court,Male
5/13/2015,Ralph,Wagner,rwagner30@usda.gov,3-(724)669-4446,9 Eagan Parkway,Male
9/22/2015,Johnny,West,jwest31@privacy.gov.au,2-(222)597-4696,11 Susan Avenue,Male
11/2/2014,Denise,Phillips,dphillips32@sfgate.com,1-(917)612-8939,04 David Junction,Female
12/13/2014,Theresa,Hernandez,thernandez33@delicious.com,1-(981)396-6728,40113 Daystar Terrace,Female
2/23/2015,Ernest,Johnston,ejohnston34@yandex.ru,4-(077)076-3778,5 Buhler Park,Male
4/20/2015,Joe,Burns,jburns35@nbcnews.com,3-(099)855-9273,93457 Clarendon Terrace,Male
3/4/2015,Johnny,Nichols,jnichols36@google.com.br,4-(140)859-6049,848 Vahlen Street,Male
6/15/2015,Dorothy,Medina,dmedina37@homestead.com,0-(680)769-5034,2 Anhalt Lane,Female
4/25/2015,Norma,Stephens,nstephens38@army.mil,8-(829)799-1551,33 Bluejay Trail,Female
9/28/2015,Clarence,Romero,cromero39@odnoklassniki.ru,9-(028)790-6633,95161 Hovde Park,Male
1/5/2015,Kimberly,Green,kgreen3a@angelfire.com,7-(845)234-4714,65 Schlimgen Trail,Female
8/16/2015,Matthew,Perkins,mperkins3b@tinyurl.com,0-(055)080-1288,428 1st Place,Male
1/15/2015,Cheryl,Rivera,crivera3c@4shared.com,1-(613)249-9108,614 Village Drive,Female
11/8/2014,Diana,Reid,dreid3d@spotify.com,7-(779)026-0849,25657 Prentice Junction,Female
12/12/2014,Laura,Garrett,lgarrett3e@census.gov,2-(796)039-8072,862 Eagle Crest Junction,Female
2/13/2015,Victor,Vasquez,vvasquez3f@cbc.ca,5-(415)566-0885,612 Claremont Park,Male
2/13/2015,Jesse,Rivera,jrivera3g@netvibes.com,5-(656)995-9492,5 Northland Pass,Male
10/25/2014,Ruby,Olson,rolson3h@ftc.gov,5-(548)377-1718,281 Porter Alley,Female
7/26/2015,Laura,Owens,lowens3i@salon.com,9-(700)615-6150,01085 Superior Place,Female
9/17/2015,Ann,Perez,aperez3j@sakura.ne.jp,7-(400)448-4074,048 Melby Pass,Female
4/16/2015,Norma,Schmidt,nschmidt3k@mtv.com,5-(384)953-5289,43723 Independence Way,Female
3/29/2015,Gloria,Ferguson,gferguson3l@instagram.com,9-(100)612-3186,313 Forest Lane,Female
7/31/2015,Teresa,Stewart,tstewart3m@flavors.me,8-(848)545-3082,323 Riverside Avenue,Female
9/30/2014,Antonio,Turner,aturner3n@jigsy.com,2-(993)807-0477,0 Melrose Center,Male
8/17/2015,Phillip,Hughes,phughes3o@exblog.jp,5-(272)620-1566,1091 Golden Leaf Drive,Male
12/2/2014,Brenda,Montgomery,bmontgomery3p@webs.com,5-(790)739-4100,6 Manufacturers Street,Female
7/10/2015,Emily,Carpenter,ecarpenter3q@apple.com,6-(490)796-5531,0397 Ilene Street,Female
2/22/2015,Wanda,Phillips,wphillips3r@wiley.com,9-(388)014-7740,7 Vermont Drive,Female
4/7/2015,Brenda,Lane,blane3s@imdb.com,7-(589)769-4053,9 Oxford Point,Female
1/22/2015,Diane,Young,dyoung3t@alibaba.com,2-(668)222-6536,593 Maple Drive,Female
4/26/2015,Willie,Elliott,welliott3u@vistaprint.com,2-(209)976-7262,581 Macpherson Junction,Male
2/13/2015,Ralph,Carr,rcarr3v@domainmarket.com,1-(758)943-8877,13 Forest Run Plaza,Male
12/20/2014,Dorothy,Evans,devans3w@booking.com,9-(314)313-2590,01 Hagan Way,Female
8/29/2015,Jennifer,Ferguson,jferguson3x@fotki.com,2-(890)710-7867,50367 Susan Place,Female
4/28/2015,Marilyn,Williamson,mwilliamson3y@fema.gov,8-(841)661-9961,7777 Thierer Junction,Female
7/31/2015,Dennis,Roberts,droberts3z@miibeian.gov.cn,7-(348)185-2710,7 Oxford Center,Male
12/21/2014,Rose,Gordon,rgordon40@utexas.edu,1-(695)025-6848,396 Sunbrook Terrace,Female
6/19/2015,Martha,Frazier,mfrazier41@harvard.edu,5-(204)237-1592,38 Hintze Avenue,Female
9/1/2015,Billy,Fisher,bfisher42@msn.com,3-(972)723-8840,73 Cambridge Junction,Male
12/16/2014,Dennis,Austin,daustin43@geocities.jp,5-(130)444-9529,6061 Charing Cross Junction,Male
10/23/2014,Dorothy,Wright,dwright44@hibu.com,6-(241)755-2311,7 School Center,Female
11/1/2014,Ruby,Smith,rsmith45@salon.com,9-(137)593-2624,24376 John Wall Avenue,Female
1/21/2015,Ryan,Butler,rbutler46@themeforest.net,2-(059)301-1508,0863 Chinook Lane,Male
10/6/2014,Donna,Lawrence,dlawrence47@mediafire.com,5-(863)399-8961,89 Mandrake Court,Female
7/5/2015,Cynthia,Duncan,cduncan48@uiuc.edu,4-(773)813-4607,9095 Lakewood Junction,Female
2/20/2015,Carl,Shaw,cshaw49@ca.gov,7-(774)860-7511,97538 Burrows Point,Male
9/28/2015,Virginia,Barnes,vbarnes4a@gmpg.org,1-(179)864-1661,5938 Redwing Street,Female
6/18/2015,Pamela,Hunter,phunter4b@harvard.edu,8-(473)124-9788,82 Continental Pass,Female
1/18/2015,Angela,Campbell,acampbell4c@theglobeandmail.com,6-(654)375-6043,43 Brown Way,Female
2/3/2015,Theresa,Nelson,tnelson4d@cpanel.net,1-(795)958-8991,88787 Packers Park,Female
11/27/2014,Heather,Young,hyoung4e@kickstarter.com,4-(869)398-7068,4 Dawn Street,Female
2/7/2015,Joseph,Boyd,jboyd4f@techcrunch.com,4-(589)319-0447,716 Sycamore Plaza,Male
5/8/2015,Nancy,Weaver,nweaver4g@ezinearticles.com,1-(042)081-5485,741 Mariners Cove Plaza,Female
10/8/2014,Fred,Mendoza,fmendoza4h@xrea.com,5-(547)134-2388,2723 Maryland Parkway,Male
9/1/2015,Laura,Wells,lwells4i@independent.co.uk,1-(538)778-3160,5 Jackson Pass,Female
7/31/2015,Frank,Gardner,fgardner4j@paginegialle.it,7-(768)896-9622,530 Mallard Street,Male
12/18/2014,Carol,Martin,cmartin4k@technorati.com,3-(784)480-5186,8500 Grayhawk Point,Female
6/13/2015,Alan,Coleman,acoleman4l@infoseek.co.jp,4-(571)156-2357,7797 Blue Bill Park Way,Male
8/14/2015,Christopher,Coleman,ccoleman4m@icio.us,2-(604)328-6730,4 Ludington Hill,Male
10/1/2014,Willie,Ford,wford4n@shinystat.com,2-(383)871-8470,686 Delaware Plaza,Male
2/24/2015,Emily,Welch,ewelch4o@yahoo.co.jp,8-(164)900-3279,14772 Sunnyside Place,Female
3/27/2015,Christina,Greene,cgreene4p@reddit.com,7-(443)870-1216,58543 Burning Wood Hill,Female
1/20/2015,Margaret,Perkins,mperkins4q@hibu.com,2-(111)484-1995,779 Merchant Circle,Female
7/29/2015,Douglas,Mccoy,dmccoy4r@yellowbook.com,5-(204)622-4425,647 Ridgeview Plaza,Male
1/25/2015,Wanda,Hudson,whudson4s@taobao.com,5-(460)177-2054,0 Westerfield Place,Female
8/27/2015,Kenneth,Schmidt,kschmidt4t@twitter.com,7-(938)686-4752,72 Kenwood Court,Male
12/29/2014,Marilyn,Miller,mmiller4u@ycombinator.com,6-(424)700-3771,54111 Bunting Point,Female
1/2/2015,Amy,Elliott,aelliott4v@nbcnews.com,1-(516)191-4638,5640 Burning Wood Drive,Female
12/24/2014,Samuel,Morgan,smorgan4w@spiegel.de,2-(447)148-1087,90204 Express Trail,Male
10/27/2014,Henry,Palmer,hpalmer4x@elegantthemes.com,8-(617)610-5120,7597 5th Hill,Male
11/18/2014,Rachel,Jones,rjones4y@cocolog-nifty.com,4-(593)281-9262,763 Logan Point,Female
10/29/2014,Lisa,Crawford,lcrawford4z@mediafire.com,2-(248)151-1952,8 Farmco Point,Female
9/12/2015,Sarah,Wallace,swallace50@newyorker.com,1-(219)834-9595,41 Village Green Pass,Female
4/9/2015,Ruby,Lane,rlane51@angelfire.com,4-(815)728-6710,75267 Jackson Hill,Female
10/5/2014,Kathy,Hawkins,khawkins52@virginia.edu,5-(258)924-6905,8 Northwestern Avenue,Female
6/1/2015,Ryan,Elliott,relliott53@dailymail.co.uk,5-(052)856-9825,59736 Stoughton Center,Male
8/10/2015,Scott,Butler,sbutler54@mac.com,1-(068)420-6009,239 Donald Circle,Male
11/18/2014,Kevin,Miller,kmiller55@businessinsider.com,2-(357)275-2119,74 Sugar Center,Male
12/28/2014,Sharon,Boyd,sboyd56@hhs.gov,2-(784)236-7104,80 Hoard Junction,Female
5/8/2015,Betty,Weaver,bweaver57@cafepress.com,8-(203)612-7140,63 Hazelcrest Terrace,Female
8/26/2015,Jack,Reynolds,jreynolds58@naver.com,5-(824)018-5880,3 Schmedeman Circle,Male
10/9/2014,Stephanie,Hart,shart59@reuters.com,7-(859)798-4731,38751 Stephen Drive,Female
10/19/2014,Earl,Gibson,egibson5a@gmpg.org,7-(191)740-5584,28856 Marcy Place,Male
7/12/2015,Jeremy,Lawrence,jlawrence5b@lulu.com,0-(994)082-8568,5318 Leroy Hill,Male
8/27/2015,Angela,Fernandez,afernandez5c@cnbc.com,4-(230)088-8580,204 Novick Avenue,Female
8/14/2015,Charles,Chapman,cchapman5d@typepad.com,0-(031)237-2183,5 Iowa Avenue,Male
8/12/2015,Christine,Fisher,cfisher5e@aol.com,9-(912)458-4407,9 Waxwing Junction,Female
8/22/2015,Virginia,Mendoza,vmendoza5f@auda.org.au,9-(519)646-8804,0 Memorial Hill,Female
2/8/2015,Carol,Harper,charper5g@odnoklassniki.ru,5-(911)707-5101,03 Clove Avenue,Female
1/19/2015,Bruce,Parker,bparker5h@unesco.org,6-(612)523-0120,278 Sundown Place,Male
1/26/2015,Louise,Henry,lhenry5i@4shared.com,9-(647)975-4725,064 Annamark Terrace,Female
11/18/2014,Bobby,Rose,brose5j@who.int,5-(683)771-7306,15 Paget Plaza,Male
5/28/2015,Frank,Carr,fcarr5k@sciencedirect.com,9-(765)873-5603,080 Sutteridge Center,Male
10/28/2014,Robert,Baker,rbaker5l@dmoz.org,4-(562)712-4868,74 Londonderry Road,Male
12/5/2014,Julia,Jackson,jjackson5m@live.com,5-(431)568-3136,5 Prairieview Terrace,Female
8/10/2015,Christina,Carroll,ccarroll5n@mayoclinic.com,0-(377)467-3161,81 High Crossing Street,Female
1/28/2015,Virginia,Elliott,velliott5o@disqus.com,9-(149)890-8514,6 Artisan Plaza,Female
12/20/2014,Robin,Schmidt,rschmidt5p@examiner.com,1-(580)510-4562,14 Carioca Junction,Female
6/12/2015,Ruth,Wheeler,rwheeler5q@purevolume.com,0-(811)311-6082,64317 Jackson Avenue,Female
9/12/2015,Denise,Bowman,dbowman5r@webmd.com,1-(489)801-0458,4700 Canary Junction,Female
10/21/2014,Rebecca,Elliott,relliott5s@google.com.hk,0-(586)829-3626,86 Stone Corner Terrace,Female
8/18/2015,Carlos,Cunningham,ccunningham5t@istockphoto.com,0-(347)002-4060,82 Little Fleur Lane,Male
1/15/2015,Steven,Ross,sross5u@lycos.com,9-(527)747-0022,1401 Eastlawn Pass,Male
2/6/2015,James,Miller,jmiller5v@slate.com,0-(891)375-2695,3087 Walton Plaza,Male
1/18/2015,Rose,Palmer,rpalmer5w@weather.com,7-(444)904-3709,96568 Weeping Birch Pass,Female
9/14/2015,Diane,Medina,dmedina5x@hc360.com,8-(398)397-8976,4917 Monument Trail,Female
7/20/2015,Ashley,Hernandez,ahernandez5y@unblog.fr,0-(140)782-0212,14251 Michigan Crossing,Female
2/3/2015,Judy,Hudson,jhudson5z@flickr.com,0-(621)292-1629,21 Aberg Crossing,Female
4/18/2015,Craig,Cook,ccook60@sina.com.cn,4-(603)106-3147,870 Namekagon Center,Male
5/20/2015,Jessica,Frazier,jfrazier61@umich.edu,2-(989)098-9344,1 Marcy Alley,Female
5/10/2015,Carolyn,Thomas,cthomas62@ask.com,8-(819)609-2973,06132 Kennedy Avenue,Female
3/9/2015,Diana,Gray,dgray63@comsenz.com,1-(017)971-8790,4 Lighthouse Bay Road,Female
11/23/2014,Steven,Owens,sowens64@wired.com,4-(330)159-8160,1 Dovetail Street,Male
2/25/2015,Juan,King,jking65@goo.gl,7-(848)117-8231,074 Alpine Point,Male
5/31/2015,Philip,Wallace,pwallace66@marriott.com,3-(991)383-0102,947 Express Way,Male
1/6/2015,Diana,Griffin,dgriffin67@si.edu,7-(175)559-1670,3 Bunting Pass,Female
7/31/2015,Andrea,Rogers,arogers68@wiley.com,3-(703)914-3658,57340 Hoffman Point,Female
4/15/2015,Kathryn,Reed,kreed69@networkadvertising.org,6-(995)307-4884,9 Esker Hill,Female
11/1/2014,Angela,Wright,awright6a@naver.com,7-(825)173-0353,7898 Reinke Avenue,Female
3/16/2015,Martin,Burton,mburton6b@constantcontact.com,3-(181)019-9785,4 Sloan Avenue,Male
1/11/2015,Tammy,Powell,tpowell6c@nature.com,7-(328)930-3723,3 Havey Point,Female
6/8/2015,Stephen,Hayes,shayes6d@cocolog-nifty.com,6-(618)495-3029,4362 Browning Junction,Male
8/30/2015,Philip,Simpson,psimpson6e@networkadvertising.org,5-(990)145-2140,54 Northview Court,Male
12/5/2014,George,Dixon,gdixon6f@paypal.com,5-(387)663-9427,388 6th Point,Male
4/12/2015,Antonio,Gomez,agomez6g@smugmug.com,2-(676)801-8333,687 Carioca Junction,Male
9/13/2015,Timothy,Carroll,tcarroll6h@webmd.com,0-(287)111-5498,13602 Di Loreto Plaza,Male
1/26/2015,Marie,Perez,mperez6i@163.com,8-(541)679-3723,272 Spohn Junction,Female
11/21/2014,Kathy,Welch,kwelch6j@theatlantic.com,4-(056)306-6315,5845 Pankratz Road,Female
11/7/2014,Kimberly,Parker,kparker6k@sbwire.com,7-(643)130-6738,2 Carpenter Place,Female
11/21/2014,Rebecca,Lawson,rlawson6l@w3.org,4-(571)976-7394,15 Blue Bill Park Hill,Female
5/8/2015,Bobby,Simmons,bsimmons6m@wiley.com,1-(291)490-8189,02 Magdeline Point,Male
6/18/2015,Anne,Sanders,asanders6n@netlog.com,8-(215)907-6763,88896 Almo Road,Female
11/18/2014,Michelle,Sims,msims6o@cisco.com,4-(571)932-0507,54512 Mallory Terrace,Female
11/5/2014,Robin,Morales,rmorales6p@bloglines.com,0-(376)477-0914,9 Shopko Place,Female
11/12/2014,Louis,Griffin,lgriffin6q@unblog.fr,5-(156)010-5156,0036 Meadow Valley Court,Male
4/13/2015,Laura,Lawson,llawson6r@amazon.co.jp,8-(809)249-9126,430 Havey Point,Female
8/17/2015,Earl,Coleman,ecoleman6s@toplist.cz,5-(179)247-6938,7892 Reindahl Pass,Male
11/14/2014,Daniel,Ross,dross6t@timesonline.co.uk,0-(494)171-9358,152 Steensland Crossing,Male
5/18/2015,Katherine,Jackson,kjackson6u@nytimes.com,6-(758)598-5395,847 Huxley Circle,Female
7/3/2015,Justin,Oliver,joliver6v@noaa.gov,7-(838)193-8714,860 Jenifer Avenue,Male
6/11/2015,Christine,Little,clittle6w@amazon.co.uk,4-(223)710-4375,985 Walton Center,Female
8/29/2015,Sara,Myers,smyers6x@deliciousdays.com,4-(525)712-1650,9 Warbler Lane,Female
7/14/2015,Rachel,Reid,rreid6y@cnbc.com,4-(940)900-3851,0128 Marcy Plaza,Female
10/18/2014,Teresa,Medina,tmedina6z@lulu.com,1-(564)343-4048,0 Red Cloud Terrace,Female
1/18/2015,Matthew,Ward,mward70@timesonline.co.uk,2-(755)350-8329,19566 Hollow Ridge Terrace,Male
5/16/2015,Kathy,Payne,kpayne71@latimes.com,5-(241)271-4798,72883 Granby Junction,Female
12/28/2014,Russell,Ross,rross72@seesaa.net,8-(906)288-3641,9397 Di Loreto Hill,Male
1/29/2015,Rachel,Watkins,rwatkins73@ning.com,8-(949)978-9867,36038 Basil Way,Female
2/25/2015,Jonathan,Mendoza,jmendoza74@ovh.net,9-(682)997-3785,34208 Gulseth Avenue,Male
12/7/2014,Katherine,Berry,kberry75@jimdo.com,6-(016)798-5179,4 Kensington Center,Female
3/5/2015,Ann,Johnston,ajohnston76@cloudflare.com,0-(794)779-7223,185 Maywood Junction,Female
7/16/2015,Joseph,Ryan,jryan77@cisco.com,0-(492)687-2523,6473 Hoepker Place,Male
1/29/2015,Steven,Woods,swoods78@tmall.com,6-(611)981-8078,8539 Texas Way,Male
3/25/2015,Annie,Brooks,abrooks79@reuters.com,4-(595)454-8466,606 Sachs Street,Female
2/8/2015,Jerry,Arnold,jarnold7a@google.fr,6-(571)418-9201,4979 Southridge Junction,Male
8/24/2015,Joshua,Gilbert,jgilbert7b@scientificamerican.com,6-(230)360-1381,6 Packers Street,Male
3/25/2015,Jesse,Jones,jjones7c@ameblo.jp,6-(228)350-6606,196 Canary Center,Male
6/6/2015,Jane,Kennedy,jkennedy7d@nih.gov,3-(900)931-3860,26 Cardinal Crossing,Female
6/5/2015,Nicole,Green,ngreen7e@stumbleupon.com,4-(445)302-5322,7406 Larry Road,Female
8/9/2015,Donald,Lee,dlee7f@amazonaws.com,5-(838)842-0295,656 Gale Alley,Male
12/4/2014,Christina,Richardson,crichardson7g@nps.gov,1-(353)673-5541,98 Parkside Hill,Female
3/20/2015,Deborah,Shaw,dshaw7h@shareasale.com,4-(191)169-8526,0193 Anderson Parkway,Female
3/24/2015,Bruce,Ortiz,bortiz7i@zimbio.com,6-(676)159-1748,64305 Maple Terrace,Male
4/30/2015,Frank,Alexander,falexander7j@paginegialle.it,9-(250)820-7393,65 Cordelia Drive,Male
8/8/2015,Sarah,Morrison,smorrison7k@google.ru,1-(050)401-5434,937 Fuller Drive,Female
4/2/2015,Johnny,Sanchez,jsanchez7l@barnesandnoble.com,8-(403)348-8013,97 Marcy Trail,Male
11/18/2014,Lillian,Banks,lbanks7m@aol.com,1-(251)122-9867,415 Randy Pass,Female
8/27/2015,Jesse,Jenkins,jjenkins7n@photobucket.com,0-(914)099-8671,1732 Lakewood Street,Male
5/14/2015,Chris,Austin,caustin7o@yandex.ru,4-(222)852-1622,5 Bunker Hill Junction,Male
11/20/2014,Harry,Cox,hcox7p@imageshack.us,0-(504)081-4677,57266 Badeau Place,Male
1/24/2015,Sean,Harper,sharper7q@answers.com,3-(927)876-0599,7916 Transport Park,Male
9/2/2015,Bobby,Perry,bperry7r@microsoft.com,3-(233)698-0674,554 Cody Street,Male
6/12/2015,Larry,Myers,lmyers7s@imgur.com,2-(529)109-4738,86 Bunker Hill Junction,Male
5/28/2015,Charles,Rose,crose7t@cocolog-nifty.com,0-(396)812-2649,38352 Sheridan Trail,Male
4/14/2015,Walter,Rivera,wrivera7u@businessinsider.com,2-(846)105-6356,78 Ruskin Avenue,Male
8/10/2015,Emily,Thomas,ethomas7v@dedecms.com,1-(677)900-0811,0 Parkside Lane,Female
5/1/2015,Alice,Simpson,asimpson7w@usnews.com,8-(955)800-7482,92170 Graceland Park,Female
6/7/2015,Judy,Reed,jreed7x@pen.io,1-(733)823-5241,9 Schmedeman Avenue,Female
1/4/2015,Jane,Fuller,jfuller7y@japanpost.jp,6-(853)082-7719,79701 Boyd Road,Female
9/22/2015,Andrew,Gomez,agomez7z@booking.com,6-(058)674-9887,11 Becker Plaza,Male
4/24/2015,Justin,Powell,jpowell80@theguardian.com,5-(041)873-7302,9129 Reinke Road,Male
12/9/2014,Lori,Lawson,llawson81@samsung.com,2-(330)646-8862,51 Darwin Hill,Female
5/9/2015,Sandra,Peters,speters82@ebay.com,9-(379)535-8536,8 David Road,Female
5/14/2015,Brandon,Greene,bgreene83@yelp.com,8-(773)508-7611,14898 Charing Cross Avenue,Male
6/28/2015,Amanda,Bailey,abailey84@slideshare.net,2-(315)098-7005,0561 Fremont Drive,Female
3/3/2015,Harold,Ross,hross85@patch.com,8-(075)865-6962,549 Golden Leaf Center,Male
1/12/2015,Henry,Graham,hgraham86@dyndns.org,6-(945)055-8668,0 Randy Lane,Male
8/1/2015,Anne,Ryan,aryan87@tiny.cc,5-(821)306-6848,5008 Mendota Hill,Female
11/19/2014,Sandra,Myers,smyers88@yellowpages.com,4-(639)835-4829,821 Anniversary Crossing,Female
10/23/2014,William,Wilson,wwilson89@ucoz.ru,5-(594)082-4148,57269 Jana Plaza,Male
3/26/2015,Ralph,Smith,rsmith8a@youtu.be,2-(678)761-9783,46 Brickson Park Pass,Male
9/21/2015,Laura,Duncan,lduncan8b@technorati.com,7-(843)788-1507,0 Monument Avenue,Female
5/9/2015,Jeffrey,Watson,jwatson8c@cyberchimps.com,1-(736)046-6327,77 Annamark Plaza,Male
5/9/2015,Keith,Watson,kwatson8d@ning.com,4-(763)181-5403,796 Sachtjen Junction,Male
12/2/2014,Jacqueline,Day,jday8e@istockphoto.com,2-(450)495-7770,98 Johnson Alley,Female
2/18/2015,Gregory,Diaz,gdiaz8f@acquirethisname.com,0-(482)741-5998,8732 Clove Hill,Male
12/30/2014,Raymond,Carpenter,rcarpenter8g@biglobe.ne.jp,5-(236)632-0654,2 Sunbrook Parkway,Male
11/23/2014,Judy,Parker,jparker8h@bigcartel.com,5-(125)735-0435,892 Evergreen Parkway,Female
11/2/2014,Martin,Wilson,mwilson8i@wix.com,9-(285)846-1661,23 Atwood Park,Male
12/6/2014,Norma,Lynch,nlynch8j@answers.com,5-(369)073-8317,76633 New Castle Avenue,Female
10/18/2014,Jennifer,Morales,jmorales8k@odnoklassniki.ru,5-(217)269-4192,1 Nelson Circle,Female
3/11/2015,Arthur,Burke,aburke8l@youtube.com,7-(733)316-5113,381 Luster Place,Male
1/4/2015,Joshua,Andrews,jandrews8m@kickstarter.com,0-(351)917-2937,9 Hudson Way,Male
8/1/2015,Alan,Rodriguez,arodriguez8n@symantec.com,0-(174)782-0638,0182 Claremont Hill,Male
4/14/2015,Peter,Rice,price8o@de.vu,0-(781)637-1260,1 Carberry Road,Male
1/2/2015,David,Morrison,dmorrison8p@yellowbook.com,1-(657)895-5157,53 Porter Plaza,Male
3/12/2015,Cynthia,Washington,cwashington8q@csmonitor.com,9-(379)022-0987,1 Westridge Terrace,Female
4/11/2015,Christine,Kelly,ckelly8r@nasa.gov,4-(748)226-7959,92 Declaration Court,Female
7/24/2015,Andrew,Burton,aburton8s@netscape.com,1-(454)788-9148,694 Lakewood Hill,Male
6/24/2015,Teresa,Harvey,tharvey8t@dailymail.co.uk,7-(509)109-0041,0463 Brown Crossing,Female
4/21/2015,Adam,Cook,acook8u@linkedin.com,4-(751)726-3385,7404 Esker Plaza,Male
12/27/2014,Emily,Hunter,ehunter8v@bravesites.com,1-(985)787-7368,3 John Wall Point,Female
11/17/2014,Jessica,Griffin,jgriffin8w@scribd.com,2-(354)019-2370,47532 Basil Parkway,Female
11/25/2014,Cynthia,Lawson,clawson8x@hostgator.com,4-(255)116-1986,78022 Fordem Center,Female
12/16/2014,Lawrence,Turner,lturner8y@youtube.com,3-(201)840-0767,63412 Mcguire Road,Male
5/28/2015,Nicole,Howell,nhowell8z@51.la,8-(963)659-4330,5151 Pierstorff Way,Female
5/4/2015,Jerry,Gardner,jgardner90@blogger.com,8-(917)229-5902,77 Bonner Drive,Male
7/23/2015,Pamela,Weaver,pweaver91@amazon.com,6-(068)129-1372,8629 Raven Plaza,Female
6/28/2015,Virginia,Little,vlittle92@biglobe.ne.jp,2-(143)996-9955,91 Hoard Alley,Female
6/7/2015,Andrew,Franklin,afranklin93@wordpress.org,7-(873)521-3136,8806 Merchant Park,Male
12/10/2014,Steve,Ferguson,sferguson94@altervista.org,2-(350)924-6856,99568 Crowley Parkway,Male
1/25/2015,Wayne,Crawford,wcrawford95@prlog.org,0-(726)887-3618,5 Rusk Drive,Male
2/7/2015,Rachel,Bailey,rbailey96@narod.ru,5-(275)193-1294,3370 Trailsway Pass,Female
11/15/2014,Catherine,Ramirez,cramirez97@soundcloud.com,1-(645)238-4080,257 Kings Junction,Female
6/4/2015,Rose,Jackson,rjackson98@fda.gov,7-(874)224-8376,3300 Killdeer Park,Female
5/19/2015,Alice,Miller,amiller99@nymag.com,0-(772)358-8529,2319 Rutledge Parkway,Female
5/22/2015,Beverly,Clark,bclark9a@slideshare.net,8-(465)281-6248,4725 Cherokee Terrace,Female
3/26/2015,Karen,Morgan,kmorgan9b@samsung.com,0-(228)848-7354,44528 Talisman Trail,Female
9/3/2015,Jimmy,Green,jgreen9c@bbb.org,9-(652)050-9308,53 Mendota Junction,Male
1/15/2015,Harry,Ellis,hellis9d@usatoday.com,2-(405)946-4123,06 Blackbird Park,Male
8/12/2015,Jane,Fowler,jfowler9e@digg.com,5-(504)883-0409,8485 Novick Junction,Female
4/4/2015,Eugene,Stanley,estanley9f@sitemeter.com,0-(827)354-5509,74 Corben Park,Male
8/9/2015,Jose,Woods,jwoods9g@howstuffworks.com,2-(401)030-3073,08981 Quincy Park,Male
10/4/2014,Randy,Lawrence,rlawrence9h@ifeng.com,7-(175)019-4764,6005 Shoshone Lane,Male
9/27/2015,Susan,Cruz,scruz9i@nbcnews.com,2-(073)755-8746,6511 Mitchell Plaza,Female
1/6/2015,Ashley,Kim,akim9j@virginia.edu,1-(626)316-7019,75497 Dakota Way,Female
9/16/2015,Louis,Rogers,lrogers9k@opensource.org,9-(452)962-3206,01916 Cardinal Road,Male
2/6/2015,Shawn,Burke,sburke9l@hhs.gov,1-(404)956-2439,6590 Paget Drive,Male
4/15/2015,Antonio,Willis,awillis9m@guardian.co.uk,4-(824)041-1938,55427 Mayfield Place,Male
2/21/2015,Arthur,Riley,ariley9n@webs.com,1-(159)852-0408,105 Transport Hill,Male
2/1/2015,Eugene,Wood,ewood9o@multiply.com,3-(265)441-7441,90403 Bayside Drive,Male
12/13/2014,Jennifer,Reynolds,jreynolds9p@discovery.com,5-(047)401-4837,5334 Springs Terrace,Female
12/10/2014,Douglas,Shaw,dshaw9q@nba.com,2-(839)905-6843,19 Donald Place,Male
10/8/2014,Arthur,Wells,awells9r@archive.org,2-(905)570-6895,4056 Springview Avenue,Male
4/16/2015,Virginia,Anderson,vanderson9s@hp.com,4-(245)367-1480,49 Jay Park,Female
4/21/2015,Lillian,Wagner,lwagner9t@hc360.com,9-(266)876-2512,6683 Warner Alley,Female
10/3/2014,Jeffrey,Morgan,jmorgan9u@liveinternet.ru,5-(719)072-2772,60 Fair Oaks Park,Male
11/15/2014,Jeremy,Sullivan,jsullivan9v@tiny.cc,6-(778)587-3528,74089 Fordem Alley,Male
5/21/2015,Lori,Fernandez,lfernandez9w@uol.com.br,1-(006)001-1558,52 John Wall Plaza,Female
6/9/2015,Paul,Watkins,pwatkins9x@goo.ne.jp,2-(855)067-8933,4 Sutteridge Junction,Male
2/7/2015,Martha,Wheeler,mwheeler9y@statcounter.com,8-(654)780-3728,61704 Carberry Way,Female
11/15/2014,Teresa,Banks,tbanks9z@oracle.com,2-(563)469-1130,46435 Talisman Pass,Female
8/2/2015,Russell,Moore,rmoorea0@ehow.com,1-(239)272-8546,22 Buhler Circle,Male
1/11/2015,Jeremy,Marshall,jmarshalla1@bbc.co.uk,6-(716)517-0279,64903 Spohn Terrace,Male
6/8/2015,Lois,Wilson,lwilsona2@latimes.com,3-(498)118-3381,600 Bayside Center,Female
4/8/2015,Kelly,Howard,khowarda3@about.me,2-(832)285-9359,4 Walton Alley,Female
9/26/2015,Harold,Garza,hgarzaa4@eventbrite.com,9-(585)888-6710,30 Blackbird Court,Male
2/27/2015,Christine,Morris,cmorrisa5@naver.com,7-(930)759-9406,76 Fieldstone Park,Female
5/24/2015,John,Gibson,jgibsona6@xing.com,8-(029)520-6600,52485 Mockingbird Terrace,Male
7/7/2015,Raymond,Bailey,rbaileya7@msn.com,0-(908)475-0356,867 Pearson Plaza,Male
6/12/2015,Sandra,Walker,swalkera8@rambler.ru,1-(812)260-8682,2752 Utah Parkway,Female
2/3/2015,Sandra,Washington,swashingtona9@hexun.com,4-(423)011-2256,16574 Namekagon Plaza,Female
8/19/2015,Samuel,Richards,srichardsaa@oracle.com,4-(854)045-8659,1 Union Alley,Male
5/25/2015,Michael,Greene,mgreeneab@free.fr,0-(572)830-4302,1 Gateway Center,Male
10/2/2014,Jesse,Vasquez,jvasquezac@usa.gov,5-(952)292-5470,999 Heath Street,Male
6/28/2015,Walter,Morris,wmorrisad@shutterfly.com,4-(072)815-0095,9 Kipling Street,Male
9/18/2015,Fred,Gonzalez,fgonzalezae@cmu.edu,4-(290)183-7508,272 Spenser Place,Male
2/3/2015,Emily,Burns,eburnsaf@dmoz.org,3-(859)463-5450,273 Lakeland Circle,Female
6/8/2015,Marilyn,Howell,mhowellag@goodreads.com,2-(762)192-2135,9776 Brentwood Way,Female
1/26/2015,Anne,Scott,ascottah@w3.org,9-(954)120-6224,528 8th Lane,Female
12/31/2014,Michael,Hayes,mhayesai@wikispaces.com,0-(885)402-7515,964 Meadow Ridge Terrace,Male
6/19/2015,Christine,Weaver,cweaveraj@dedecms.com,5-(776)306-4796,16460 Dawn Lane,Female
11/2/2014,Julia,Nelson,jnelsonak@yandex.ru,4-(395)674-3214,37296 Northfield Parkway,Female
12/10/2014,Kevin,Ryan,kryanal@comcast.net,9-(288)568-3206,33 Forest Run Terrace,Male
6/7/2015,Pamela,Dunn,pdunnam@twitter.com,9-(576)954-0924,463 Loomis Road,Female
11/3/2014,Todd,Ruiz,truizan@joomla.org,9-(615)450-8433,0 Mallard Circle,Male
7/13/2015,Walter,Wells,wwellsao@4shared.com,7-(669)037-0089,0622 Victoria Park,Male
1/8/2015,Mildred,Lane,mlaneap@java.com,6-(948)302-1590,60015 3rd Lane,Female
1/2/2015,Jack,Howell,jhowellaq@wikimedia.org,7-(423)380-7374,3135 Blue Bill Park Terrace,Male
8/12/2015,Amy,Little,alittlear@europa.eu,4-(565)646-2717,97371 Mifflin Lane,Female
1/1/2015,Elizabeth,Sanchez,esanchezas@uiuc.edu,3-(236)264-8447,28558 Thompson Terrace,Female
8/1/2015,Ruby,Jones,rjonesat@sakura.ne.jp,4-(847)417-1268,674 Badeau Parkway,Female
2/8/2015,Harry,Garrett,hgarrettau@yandex.ru,0-(575)901-9270,35 Independence Point,Male
11/5/2014,Louis,Davis,ldavisav@feedburner.com,0-(736)591-0946,117 Express Center,Male
10/11/2014,Frances,Sanchez,fsanchezaw@npr.org,6-(203)639-6385,902 Fordem Way,Female
7/28/2015,Jonathan,Patterson,jpattersonax@studiopress.com,3-(918)198-4795,82 Jenifer Way,Male
5/8/2015,Ralph,Fisher,rfisheray@eventbrite.com,1-(255)764-2107,8209 Scott Trail,Male
10/1/2014,Debra,Hansen,dhansenaz@devhub.com,9-(497)858-1214,84798 Melvin Avenue,Female
2/11/2015,Doris,Garcia,dgarciab0@tinypic.com,7-(798)409-5908,444 Grayhawk Terrace,Female
7/21/2015,Timothy,Arnold,tarnoldb1@pagesperso-orange.fr,5-(079)624-4851,6 Artisan Terrace,Male
10/14/2014,Virginia,Palmer,vpalmerb2@tuttocitta.it,5-(709)666-3427,26 Caliangt Parkway,Female
7/8/2015,Rebecca,Morrison,rmorrisonb3@ed.gov,1-(586)353-0487,9451 Roxbury Lane,Female
